Coordinates,Province,Address
"50.9833, -119.7333",BC,"Adams Lake Provincial Park, Adams Lake, BC V0E 1M2, Canada"
"49.0548, -114.1337",BC,"Akamina-Kishinena Provincial Park, Kootenay Boundary E, BC V0B 1H0, Canada"
"49.7744, -121.4222",BC,"Alexandra Bridge Provincial Park, Fraser Valley, BC V0K 1C0, Canada"
"54.0167, -122.0667",BC,"Aleza Lake Ecological Reserve, Fraser-Fort George G, BC V0J 3A3, Canada"
"49.7683, -123.1336",BC,"Alice Lake Provincial Park, Squamish, BC V0N 1T0, Canada"
"51.1314, -127.4342",BC,"Allison Harbour Marine Provincial Park, Mount Waddington A, BC V0N 3K0, Canada"
"49.7094, -120.7969",BC,"Allison Lake Provincial Park, Princeton, BC V0X 1W0, Canada"
"53.7433, -128.9333",BC,"Alty Conservancy, Central Coast A, BC V0T 1A0, Canada"
"50.4000, -126.8500",BC,"Ambrose Lake Ecological Reserve, qathet Regional District, BC, Canada"
"49.0125, -119.3194",BC,"Anarchist Protected Area, Okanagan-Similkameen, BC V0H 1T0, Canada"
"53.8886, -121.8375",BC,"Ancient Forest Provincial Park and Protected Area, Fraser-Fort George H, BC V0K 2Z0, Canada"
"49.6211, -124.0250",BC,"Anderson Bay Provincial Park, Powell River, BC V8A 0G3, Canada"
"55.5333, -127.6833",BC,"Anderson Flats Provincial Park, Kitimat-Stikine E, BC V0J 1Y0, Canada"
"49.6833, -126.6000",BC,"Anne Vallee Ecological Reserve, Mount Waddington A, BC V0N 3J0, Canada"
"50.9833, -119.0828",BC,"Anstey-Hunakwa Provincial Park, Columbia-Shuswap B, BC V0E 2V0, Canada"
"49.3833, -123.3167",BC,"Apodaca Provincial Park, Bowen Island, BC V0N 1G2, Canada"
"49.2439, -124.7939",BC,"Arbutus Grove Provincial Park, Parksville, BC V9P 1X7, Canada"
"56.1600, -125.6730",BC,"Arctic Pacific Lakes Provincial Park, Fraser-Fort George E, BC V0J 2Z0, Canada"
"50.4183, -117.9117",BC,"Arrow Lakes Provincial Park, Nakusp, BC V0G 1R0, Canada"
"50.874645, -121.275997",BC,"Arrowstone Provincial Park, Thompson-Nicola P, BC V0K 1H0, Canada"
"49.977, -126.967",BC,"Artlish Caves Provincial Park, Mount Waddington B, BC V0N 2N0, Canada"
"59.5661, -133.7201",BC,"Atlin Provincial Park, Stikine Region, BC V0W 1A0, Canada"
"58.175, -129.145",BC,"Atna River Provincial Park, Stikine Region, BC V0J 1E0, Canada"
"54.7667, -126.75",BC,"Babine Lake Marine Provincial Park, Bulkley-Nechako, BC V0J 1E0, Canada"
"55.050, -126.833",BC,"Babine Mountains Provincial Park, Smithers, BC V0J 2N0, Canada"
"55.283, -127.417",BC,"Babine River Corridor Provincial Park, Hazelton, BC V0J 1Y0, Canada"
"48.829, -123.283",BC,"Baeria Rocks Ecological Reserve, Central Coast, BC V0N 1A0, Canada"
"48.900, -123.583",BC,"Ballingall Islets Ecological Reserve, North Cowichan, BC V0R 2C2, Canada"
"48.589, -123.515",BC,"Bamberton Provincial Park, Mill Bay, BC V0R 2P4, Canada"
"50.667, -121.933",BC,"Banana Island Provincial Park, Thompson-Nicola, BC V0E 1M0, Canada"
"54.683, -129.667",BC,"Banks Nii _uutiksm Conservancy, Mount Waddington, BC V0T 1Z0, Canada"
"49.150, -123.600",BC,"Baynes Island Ecological Reserve, Bulkley-Nechako, BC V0J 1E0, Canada"
"49.888, -119.533",BC,"Bear Creek Provincial Park, Kelowna, BC V1Z 3W6, Canada"
"56.050, -129.950",BC,"Bear Glacier Provincial Park, Kitimat-Stikine, BC V0J 2J0, Canada"
"53.100, -128.200",BC,"Bear Island Conservancy, Mount Waddington, BC V0P 1A0, Canada"
"55.650, -121.567",BC,"Bearhole Lake Provincial Park and Protected Area, Peace River, BC V0C 1V0, Canada"
"56.283, -120.800",BC,"Beatton Provincial Park, Fort St John, BC V1J 4M6, Canada"
"56.350, -120.800",BC,"Beatton River Provincial Park, Peace River, BC V0C 1V0, Canada"
"54.016, -125.667",BC,"Beaumont Provincial Park, Fraser Lake, BC V0J 1S0, Canada"
"50.520, -127.367",BC,"Beaver Creek Provincial Park, Trail, BC V1R 4X2, Canada"
"48.800, -123.417",BC,"Beaver Point Provincial Park, Salt Spring Island, BC V8K 1X4, Canada"
"49.600, -116.533",BC,"Beaver Valley Provincial Park, Okanagan-Similkameen, BC V0X 1W0, Canada"
"52.800, -121.283",BC,"Bechers Prairie Provincial Park, Bulkley-Nechako, BC V0J 1E0, Canada"
"49.850, -119.433",BC,"Bedard Aspen Provincial Park, Cariboo, BC V0L 1C0, Canada"
"53.950, -123.217",BC,"Bednesti Lake Ecological Reserve, Fraser-Fort George, BC V0J 3A3, Canada"
"52.383, -126.750",BC,"Bella Coola Estuary Conservancy, Central Coast, BC V0T 1C0, Canada"
"48.872, -123.322",BC,"Bellhouse Provincial Park, Galiano Island, BC V0N 1P0, Canada"
"52.900, -131.383",BC,"Beresford Island Ecological Reserve, Mount Waddington, BC V0N 2N0, Canada"
"51.333, -121.883",BC,"Big Bar Lake Provincial Park, Clinton, BC V0K 1K0, Canada"
"55.600, -128.867",BC,"Big Basin Provincial Park, Thompson-Nicola, BC V0K 1K0, Canada"
"50.200, -127.683",BC,"Big Bunsby Marine Provincial Park, Mount Waddington, BC V0N 2P0, Canada"
"51.083, -123.317",BC,"Big Creek Ecological Reserve, Cariboo, BC V0L 1C0, Canada"
"51.116, -123.283",BC,"Big Creek Provincial Park, Thompson-Nicola, BC V0K 1K0, Canada"
"49.737, -118.926",BC,"Big White Mountain Ecological Reserve, Kootenay Boundary, BC V0H 1A0, Canada"
"54.617, -122.583",BC,"Bijoux Falls Provincial Park, Fraser-Fort George H, BC V0J 2N0, Canada"
"50.583, -122.833",BC,"Birkenhead Lake Provincial Park, D'Arcy, BC V0N 1L0, Canada"
"53.217, -128.833",BC,"Bishop Bay-Monkey Beach Conservancy, Kitimat-Stikine, BC V0J 2J0, Canada"
"53.217, -128.750",BC,"Bishop Bay-Monkey Beach Corridor Conservancy, Kitimat-Stikine, BC V0J 2J0, Canada"
"51.550, -125.967",BC,"Bishop River Provincial Park, Mount Waddington, BC V0N 2P0, Canada"
"50.083, -122.950",BC,"Blackcomb Glacier Provincial Park, Whistler, BC V0N 1B4, Canada"
"54.317, -124.817",BC,"Blackwater Creek Ecological Reserve, Thompson-Nicola, BC V0E 1M0, Canada"
"50.933, -118.117",BC,"Blanket Creek Provincial Park, Revelstoke, BC V0E 2S0, Canada"
"49.633, -126.517",BC,"Bligh Island Marine Provincial Park, Strathcona, BC V0P 1G0, Canada"
"57.633, -130.417",BC,"Blue/Dease Rivers Ecological Reserve, Stikine Region, BC V0C 1E0, Canada"
"50.317, -121.333",BC,"Blue Earth Lake Provincial Park, Thompson-Nicola, BC V0E 1M0, Canada"
"52.116, -119.333",BC,"Blue River Black Spruce Provincial Park, Thompson-Nicola, BC V0E 1J0, Canada"
"52.083, -119.267",BC,"Blue River Pine Provincial Park, Thompson-Nicola, BC V0E 1J0, Canada"
"53.717, -123.083",BC,"Bobtail Mountain Provincial Park, Fraser-Fort George, BC V0J 3A3, Canada"
"55.917, -122.517",BC,"Bocock Peak Provincial Park, Peace River, BC V0C 1V0, Canada"
"48.966, -123.616",BC,"Bodega Ridge Provincial Park, Galiano Island, BC V0N 1P0, Canada"
"51.250, -121.250",BC,"Bonaparte Provincial Park, Thompson-Nicola, BC V0K 1K0, Canada"
"49.467, -117.283",BC,"Boothmans Oxbow Provincial Park, Fraser-Fort George, BC V0J 2N0, Canada"
"56.767, -130.933",BC,"Border Lake Provincial Park, Peace River, BC V0C 1V0, Canada"
"51.600, -126.833",BC,"Boulder Creek Provincial Park, Fraser Valley, BC V0M 1A0, Canada"
"49.083, -118.650",BC,"Boundary Creek Provincial Park, Kootenay Boundary, BC V0H 1H0, Canada"
"49.367, -123.383",BC,"Bowen Island Ecological Reserve, Bowen Island, BC V0N 1G2, Canada"
"53.050, -121.083",BC,"Bowron Lake Provincial Park, Cariboo, BC V0K 2J0, Canada"
"50.600, -127.583",BC,"Bowser Ecological Reserve, Comox Valley, BC V0R 1G0, Canada"
"49.512, -124.709",BC,"Boyle Point Provincial Park and Protected Area, Denman Island, BC V0R 1T0, Canada"
"49.782, -123.162",BC,"Brackendale Eagles Provincial Park, Squamish, BC V0N 1T0, Canada"
"50.006, -123.119",BC,"Brandywine Falls Provincial Park, Whistler, BC V0N 1B0, Canada"
"49.514, -119.264",BC,"Brent Mountain Protected Area, Okanagan-Similkameen, BC V0X 1N0, Canada"
"49.193, -121.681",BC,"Bridal Veil Falls Provincial Park, Fraser Valley, BC V0X 1X0, Canada"
"51.569, -120.859",BC,"Bridge Lake Provincial Park, Cariboo, BC V0K 1E0, Canada"
"50.983, -123.300",BC,"Bridge River Delta Provincial Park, Squamish-Lillooet, BC V0N 1L0, Canada"
"55.867, -129.983",BC,"Brim River Hot Springs Protected Area, Kitimat-Stikine, BC V0J 2J0, Canada"
"49.356, -120.024",BC,"Bromley Rock Provincial Park, Okanagan-Similkameen, BC V0X 1N0, Canada"
"49.923, -119.236",BC,"Browne Lake Ecological Reserve, Central Okanagan, BC V0E 2G0, Canada"
"49.915, -119.222",BC,"Browne Lake Provincial Park, Central Okanagan, BC V0E 2G0, Canada"
"50.780, -126.785",BC,"Broughton Archipelago Provincial Park, Mount Waddington, BC V0N 2P0, Canada"
"50.783, -126.783",BC,"Broughton Archipelago Conservancy, Mount Waddington, BC V0N 2P0, Canada"
"49.551, -123.967",BC,"Buccaneer Bay Provincial Park, Sunshine Coast, BC V0N 2W0, Canada"
"50.833, -121.500",BC,"Buck Hills Road Ecological Reserve, Thompson-Nicola, BC V0K 1K0, Canada"
"57.433, -122.738",BC,"Buckinghorse River Wayside Provincial Park, Peace River, BC V0C 1V0, Canada"
"50.716, -116.750",BC,"Bugaboo Provincial Park, East Kootenay, BC V0A 1T0, Canada"
"54.683, -126.833",BC,"Bulkley Junction Provincial Park, Bulkley-Nechako, BC V0J 1E0, Canada"
"52.000, -123.083",BC,"Bull Canyon Provincial Park, Cariboo, BC V0L 1H0, Canada"
"50.907, -126.639",BC,"Burdwood Group Conservancy, Mount Waddington, BC V0N 3J0, Canada"
"51.338, -116.574",BC,"Burges James Gadsden Provincial Park, Columbia-Shuswap, BC V0A 1E0, Canada"
"48.807, -123.508",BC,"Burgoyne Bay Provincial Park, Salt Spring Island, BC V8K 2B6, Canada"
"54.216, -127.700",BC,"Burnie-Shea Provincial Park, Kitimat-Stikine, BC V0J 2J0, Canada"
"54.216, -125.766",BC,"Burns Lake Provincial Park, Bulkley-Nechako, BC V0J 1E0, Canada"
"52.502, -127.620",BC,"Burnt Bridge Creek Conservancy, North Coast, BC V0T 1S0, Canada"
"50.608, -126.859",BC,"Burnt Cabin Bog Ecological Reserve, Bulkley-Nechako, BC V0J 1E0, Canada"
"50.774, -120.011",BC,"Buse Lake Protected Area, Thompson-Nicola, BC V0E 2P0, Canada"
"56.027, -121.647",BC,"Butler Ridge Provincial Park, Peace River, BC V0C 1J0, Canada"
"53.083, -129.267",BC,"Byers/Conroy/Harvey/Sinnett Islands Ecological Reserve, Central Coast, BC V0T 1A0, Canada"
"54.600, -128.150",BC,"Caligata Lake Provincial Park, Thompson-Nicola, BC V0K 1K0, Canada"
"54.171, -126.654",BC,"Call Lake Provincial Park, Smithers, BC V0J 2N0, Canada"
"50.233, -123.167",BC,"Callaghan Conservancy, Whistler, BC V0N 1B1, Canada"
"50.216, -123.183",BC,"Callaghan Lake Provincial Park, Whistler, BC V0N 1B1, Canada"
"51.634, -128.121",BC,"Calvert Island Conservancy, Central Coast, BC V0N 1A0, Canada"
"50.250, -119.283",BC,"Campbell Brown (Kalamalka Lake) Ecological Reserve, North Okanagan, BC V1B 2E1, Canada"
"51.778, -120.907",BC,"Canim Beach Provincial Park, Cariboo, BC V0K 1M0, Canada"
"50.607, -126.753",BC,"Canoe Islets Ecological Reserve, Mount Waddington, BC V0N 3J0, Canada"
"50.766, -128.300",BC,"Cape Scott Provincial Park, Mount Waddington, BC V0N 3P0, Canada"
"52.133, -121.717",BC,"Cardiff Mountain Ecological Reserve, North Okanagan, BC V1B 2E1, Canada"
"52.633, -120.817",BC,"Cariboo Mountains Provincial Park, Cariboo, BC V0K 2J0, Canada"
"52.933, -123.250",BC,"Cariboo Nature Provincial Park, Cariboo, BC V0K 2J0, Canada"
"52.967, -120.967",BC,"Cariboo River Provincial Park, Cariboo, BC V0K 2J0, Canada"
"48.651, -124.670",BC,"Carmanah Walbran Provincial Park, Capital, BC V0R 2Y0, Canada"
"54.600, -123.483",BC,"Carp Lake Provincial Park, Fraser-Fort George, BC V0J 3S0, Canada"
"51.433, -127.950",BC,"Carter Bay Conservancy, Central Coast, BC V0T 1B0, Canada"
"49.225, -121.240",BC,"Cascade-Sutslem Conservancy, Fraser Valley, BC V0X 1X0, Canada"
"51.416, -121.438",BC,"Castle Rock Hoodoos Provincial Park, Thompson-Nicola, BC V0E 1M0, Canada"
"49.916, -127.733",BC,"Catala Island Marine Provincial Park, Strathcona, BC V0P 1G0, Canada"
"49.116, -120.257",BC,"Cathedral Provincial Park and Protected Area, Okanagan-Similkameen, BC V0X 1N0, Canada"
"50.783, -120.083",BC,"Catherine Creek Ecological Reserve, Mount Waddington, BC V0N 2N0, Canada"
"52.550, -128.650",BC,"Catto Creek Conservancy, North Coast, BC V0T 1S0, Canada"
"56.400, -120.233",BC,"Cecil Lake Ecological Reserve, Peace River, BC V0C 1G0, Canada"
"52.433, -122.433",BC,"Cedar Point Provincial Park, Cariboo, BC V0K 2Z0, Canada"
"50.482, -126.357",BC,"Cetan/Thurston Bay Conservancy, Mount Waddington, BC V0N 3J0, Canada"
"49.166, -117.533",BC,"Champion Lakes Provincial Park, Kootenay Boundary, BC V1R 1Y0, Canada"
"50.533, -120.600",BC,"Charlie Cole Creek Ecological Reserve, Bulkley-Nechako, BC V0J 1E0, Canada"
"56.289, -120.857",BC,"Charlie Lake Provincial Park, Peace River, BC V1J 4M6, Canada"
"50.820, -119.688",BC,"Chase Provincial Park, Thompson-Nicola, BC V0E 1M0, Canada"
"51.333, -121.533",BC,"Chasm Ecological Reserve, Thompson-Nicola, BC V0K 1K0, Canada"
"51.366, -121.533",BC,"Chasm Provincial Park, Thompson-Nicola, BC V0K 1K0, Canada"
"50.150, -127.533",BC,"Checleset Bay Ecological Reserve, Mount Waddington, BC V0N 2N0, Canada"
"48.833, -123.767",BC,"Chemainus River Provincial Park, Cowichan Valley, BC V0R 2E0, Canada"
"50.283, -121.017",BC,"Chickens Neck Mountain Ecological Reserve, Bulkley-Nechako, BC V0J 1E0, Canada"
"53.783, -123.183",BC,"Chilako River Ecological Reserve, Fraser-Fort George, BC V0J 3A3, Canada"
"49.0660, -121.8500",BC,"Chilliwack River Ecological Reserve, Fraser Valley, BC V0X 1X0, Canada"
"49.1100, -121.9500",BC,"Chilliwack River Provincial Park, Fraser Valley, BC V0X 1X0, Canada"
"56.9333, -131.8333",BC,"Choquette Hot Springs Provincial Park, Stikine Region, BC V0C 1E0, Canada"
"49.0400, -118.2100",BC,"Christina Lake Provincial Park, Kootenay Boundary, BC V0H 1E0, Canada"
"51.0667, -120.1667",BC,"Chu Chua Cottonwood Provincial Park, Thompson-Nicola, BC V0E 1M0, Canada"
"56.6344, -129.2097",BC,"Chukachida River Protected Area, Stikine Region, BC V0C 1E0, Canada"
"53.8000, -128.9000",BC,"Chunamon Creek Ecological Reserve, Fraser-Fort George, BC V0J 3A3, Canada"
"51.0000, -122.4000",BC,"Churn Creek Protected Area, Cariboo, BC V0L 1C0, Canada"
"54.4000, -122.6000",BC,"Cinema Bog Ecological Reserve, Thompson-Nicola, BC V0K 1E0, Canada"
"50.9500, -119.1000",BC,"Cinnemousun Narrows Provincial Park, Columbia-Shuswap, BC V0E 1M0, Canada"
"50.8333, -126.9167",BC,"Clanninick Creek Ecological Reserve, Bulkley-Nechako, BC V0J 1E0, Canada"
"50.4667, -126.7167",BC,"Claud Elliott Creek Ecological Reserve, Mount Waddington, BC V0N 2N0, Canada"
"50.4500, -126.7000",BC,"Claud Elliott Provincial Park, Mount Waddington, BC V0N 2N0, Canada"
"56.8667, -120.7167",BC,"Clayhurst Ecological Reserve, Peace River, BC V0C 1A0, Canada"
"49.2550, -125.5786",BC,"Clayoquot Arm Provincial Park, Alberni-Clayoquot, BC V0R 2Z0, Canada"
"49.2875, -125.8125",BC,"Clayoquot Plateau Provincial Park, Alberni-Clayoquot, BC V0R 2Z0, Canada"
"52.3667, -126.5833",BC,"Clayton Falls Conservancy, Central Coast, BC V0T 1A0, Canada"
"49.1583, -126.0056",BC,"Cleland Island Ecological Reserve, BC, Canada"
"50.4000, -123.4667",BC,"Clendinning Provincial Park, BC, Canada"
"53.4333, -124.1333",BC,"Close To The Edge Provincial Park and Protected Area, BC, Canada"
"52.2700, -127.8800",BC,"Clyak Estuary Conservancy, BC, Canada"
"52.2450, -128.1330",BC,"Codville Lagoon Conservancy, BC, Canada"
"52.2550, -128.1167",BC,"Codville Lagoon Marine Provincial Park, BC, Canada"
"49.6833, -116.9333",BC,"Cody Caves Provincial Park, BC, Canada"
"49.7667, -120.9333",BC,"Coldwater River Provincial Park, BC, Canada"
"48.8250, -123.4306",BC,"Collinson Point Provincial Park, BC, Canada"
"50.2333, -115.8000",BC,"Columbia Lake Ecological Reserve, BC, Canada"
"50.2000, -115.8000",BC,"Columbia Lake Provincial Park, BC, Canada"
"49.5981, -125.1042",BC,"Comox Lake Bluffs Ecological Reserve, BC, Canada"
"49.2044, -119.0278",BC,"Conkle Lake Provincial Park, BC, Canada"
"50.0167, -124.8333",BC,"Copeland Islands Marine Provincial Park, BC, Canada"
"57.0000, -130.0000",BC,"Copper Johnny Provincial Park, BC, Canada"
"49.3667, -121.4333",BC,"Coquihalla Canyon Provincial Park, BC, Canada"
"49.5000, -121.3333",BC,"Coquihalla River Provincial Park, BC, Canada"
"49.5500, -121.0000",BC,"Coquihalla Summit Recreation Area, BC, Canada"
"50.6639, -126.8072",BC,"Cormorant Channel Marine Provincial Park, BC, Canada"
"50.6000, -120.7167",BC,"Cornwall Hills Provincial Park, BC, Canada"
"50.2167, -125.3167",BC,"Coste Rocks Provincial Park, BC, Canada"
"53.9667, -122.4500",BC,"Cottonwood River Provincial Park, BC, Canada"
"50.2156, -119.3514",BC,"Cougar Canyon Ecological Reserve, BC, Canada"
"48.7500, -123.6167",BC,"Cowichan River Provincial Park, BC, Canada"
"51.0333, -121.7500",BC,"Crab Lake Conservancy, BC, Canada"
"57.0783, -127.6636",BC,"Craig Headwaters Protected Area, BC, Canada"
"52.4750, -128.5633",BC,"Cranstown Point Conservancy, BC, Canada"
"49.0167, -125.4000",BC,"Crater Lake Provincial Park, BC, Canada"
"54.5833, -123.0833",BC,"Crooked River Provincial Park, BC, Canada"
"49.6500, -114.6167",BC,"Crowsnest Provincial Park, BC, Canada"
"49.0333, -122.0167",BC,"Cultus Lake Provincial Park, BC, Canada"
"51.9500, -117.2000",BC,"Cummins Lakes Provincial Park and Protected Area, BC, Canada"
"49.3981, -123.2033",BC,"Cypress Provincial Park, BC, Canada"
"54.0833, -133.0333",BC,"Daawuuxusda Conservancy, BC, Canada"
"53.9000, -123.4000",BC,"Dahl Lake Provincial Park, BC, Canada"
"53.0167, -128.1333",BC,"Dala-Kildala Rivers Estuaries Provincial Park, BC, Canada"
"58.1667, -130.1667",BC,"Dall River Old Growth Provincial Park, BC, Canada"
"53.8667, -129.9167",BC,"Damaxyaa Conservancy, BC, Canada"
"56.7167, -129.9500",BC,"Damdochax Protected Area, BC, Canada"
"57.3500, -130.8000",BC,"Dantes Inferno Provincial Park, BC, Canada"
"49.9000, -119.8667",BC,"Darke Lake Provincial Park, BC, Canada"
"49.2833, -122.3533",BC,"Davis Lake Provincial Park, BC, Canada"
"50.6500, -127.3667",BC,"Dawley Passage Provincial Park, BC, Canada"
"48.6667, -123.4667",BC,"Dead Mans Island Provincial Park, BC, Canada"
"52.4167, -126.9500",BC,"Dean River Conservancy, BC, Canada"
"52.4667, -126.8333",BC,"Dean River Corridor Conservancy, BC, Canada"
"57.5000, -126.9167",BC,"Denetiah Provincial Park and Protected Area, BC, Canada"
"57.7833, -130.9000",BC,"Denison-Bonneau Provincial Park, BC, Canada"
"49.5333, -124.8167",BC,"Denman Island Park and Protected Area, BC, Canada"
"50.1500, -124.8000",BC,"Desolation Sound Marine Provincial Park, BC, Canada"
"53.0000, -129.1667",BC,"Det San Ecological Reserve, BC, Canada"
"53.0500, -129.2833",BC,"Dewdney and Glide Islands Ecological Reserve, BC, Canada"
"54.2833, -130.3167",BC,"Diana Lake Provincial Park, BC, Canada"
"48.9333, -123.5833",BC,"Dionisio Point Provincial Park, BC, Canada"
"48.4167, -123.2667",BC,"Discovery Island Marine Provincial Park, BC, Canada"
"50.3833, -127.8333",BC,"Dixie Cove Marine Provincial Park, BC, Canada"
"52.0500, -122.2833",BC,"Doc English Bluff Ecological Reserve, BC, Canada"
"55.2500, -124.4833",BC,"Donnely Lake Provincial Park, BC, Canada"
"51.2167, -121.3167",BC,"Downing Provincial Park, BC, Canada"
"52.9333, -122.4000",BC,"Dragon Mountain Provincial Park, BC, Canada"
"49.8333, -119.6667",BC,"Drewry Point Provincial Park, BC, Canada"
"54.4500, -127.6000",BC,"Driftwood Canyon Provincial Park, BC, Canada"
"53.8167, -131.8500",BC,"Drizzle Lake Ecological Reserve, BC, Canada"
"49.1333, -123.7333",BC,"Drumbeg Provincial Park, BC, Canada"
"50.6000, -115.9922",BC,"Dry Gulch Provincial Park, BC, Canada"
"53.0667, -122.0167",BC,"Drywilliam Lake Ecological Reserve, BC, Canada"
"53.2500, -122.5667",BC,"Duck Lake Protected Area, BC, Canada"
"50.4694, -122.3231",BC,"Duffey Lake Provincial Park, BC, Canada"
"52.7833, -127.4833",BC,"Duke of Edinburgh Ecological Reserve, BC, Canada"
"57.7069, -127.6636",BC,"Dune Za Keyih Provincial Park and Protected Area, BC, Canada"
"51.5469, -120.0222",BC,"Dunn Peak Protected Area, BC, Canada"
"53.3833, -132.6667",BC,"Duu Guusd Heritage Site/Conservancy, BC, Canada"
"51.1667, -126.3833",BC,"Dzawadi/Klinaklini Estuary Conservancy, BC, Canada"
"51.3000, -126.1167",BC,"Dzawadi/Upper Klinaklini River Conservancy, BC, Canada"
"54.2167, -122.7500",BC,"Eagle Bay Provincial Park, BC, Canada"
"50.9667, -119.1667",BC,"Eagle River Provincial Park, BC, Canada"
"51.2083, -120.3694",BC,"Eakin Creek Canyon Provincial Park, BC, Canada"
"51.2000, -120.3667",BC,"Eakin Creek Floodplain Provincial Park, BC, Canada"
"55.7000, -121.0000",BC,"East Pine Provincial Park, BC, Canada"
"50.1500, -124.6333",BC,"East Redonda Island Ecological Reserve, BC, Canada"
"49.0697, -120.7833",BC,"E. C. Manning Provincial Park, BC, Canada"
"50.7500, -126.5000",BC,"Echo Bay Marine Provincial Park, BC, Canada"
"50.6167, -118.9500",BC,"Echo Lake Provincial Park, BC, Canada"
"53.6500, -129.6000",BC,"Ecstall Headwaters Conservancy, BC, Canada"
"53.6333, -129.6500",BC,"Ecstall-Sparkling Conservancy, BC, Canada"
"53.6167, -129.6667",BC,"Ecstall-Spokskuut Conservancy, BC, Canada"
"54.3667, -124.0000",BC,"Ed Bird-Estella Provincial Park, BC, Canada"
"51.0000, -121.5000",BC,"Edge Hills Provincial Park, BC, Canada"
"58.5000, -124.5000",BC,"Ekwan Lake Protected Area, BC, Canada"
"50.9500, -121.2667",BC,"Elephant Hills Provincial Park, BC, Canada"
"52.5000, -128.0000",BC,"Eleven Sisters Provincial Park, BC, Canada"
"50.0239, -125.3167",BC,"Elk Falls Provincial Park, BC, Canada"
"50.6167, -115.0833",BC,"Elk Lakes Provincial Park, BC, Canada"
"49.8667, -114.8333",BC,"Elk Valley Provincial Park, BC, Canada"
"54.2500, -128.5000",BC,"Ellerslie-Roscoe Conservancy, BC, Canada"
"49.2500, -123.6667",BC,"Ellis Island Ecological Reserve, BC, Canada"
"50.2606, -119.3442",BC,"Ellison Provincial Park, BC, Canada"
"54.0000, -122.6667",BC,"Emar Lakes Provincial Park, BC, Canada"
"54.1000, -128.6167",BC,"Emily Lake Conservancy, BC, Canada"
"49.4000, -115.0833",BC,"Elko Provincial Park, BC, Canada"
"49.3667, -121.4500",BC,"Emory Creek Provincial Park, BC, Canada"
"50.5333, -119.0167",BC,"Enderby Cliffs Provincial Park, BC, Canada"
"49.7667, -119.7667",BC,"Eneas Lakes Provincial Park, BC, Canada"
"55.4667, -124.5667",BC,"English Lake Provincial Park, BC, Canada"
"49.3167, -124.3167",BC,"Englishman River Falls Provincial Park, BC, Canada"
"53.7000, -125.3500",BC,"Entiako Provincial Park, BC, Canada"
"52.5000, -128.5000",BC,"Epper Passage Provincial Park, BC, Canada"
"50.6667, -121.7667",BC,"Epsom Provincial Park, BC, Canada"
"54.6667, -121.6833",BC,"Erg Mountain Provincial Park, BC, Canada"
"49.2333, -117.2333",BC,"Erie Creek Provincial Park, BC, Canada"
"54.0500, -123.2667",BC,"Eskers Provincial Park, BC, Canada"
"50.0833, -123.3167",BC,"Sigurd Creek Conservancy, BC, Canada"
"50.9333, -127.9500",BC,"Ethelda Bay-Tennant Island Conservancy, BC, Canada"
"54.1333, -125.5833",BC,"Ethel F. Wilson Memorial Provincial Park, BC, Canada"
"54.5667, -127.2000",BC,"Europa Lake Conservancy, BC, Canada"
"54.5667, -121.0000",BC,"Evanoff Provincial Park, BC, Canada"
"49.8167, -123.1667",BC,"Evans Lake Ecological Reserve, BC, Canada"
"50.3833, -125.8333",BC,"Eves Provincial Park, BC, Canada"
"54.2500, -128.8667",BC,"Exchamsiks River Provincial Park, BC, Canada"
"54.5333, -128.6667",BC,"Ferry Island Provincial Park, BC, Canada"
"54.4833, -126.6000",BC,"F.H. Barber Provincial Park, BC, Canada"
"54.4000, -128.7000",BC,"Fields Lease Ecological Reserve, BC, Canada"
"49.5167, -124.7667",BC,"Fillongley Provincial Park, BC, Canada"
"53.3833, -124.3167",BC,"Finger-Tatuk Provincial Park, BC, Canada"
"56.9167, -125.7500",BC,"Finlay-Russel Provincial Park and Protected Area, BC, Canada"
"51.5667, -119.3167",BC,"Finn Creek Provincial Park, BC, Canada"
"50.1333, -119.4500",BC,"Fintry Provincial Park and Protected Area, BC, Canada"
"52.8500, -128.4000",BC,"Fiordland Conservancy, BC, Canada"
"51.7500, -121.6667",BC,"Flat Lake Provincial Park, BC, Canada"
"49.3667, -126.0000",BC,"Flores Island Provincial Park, BC, Canada"
"53.6333, -129.6500",BC,"Foch-Gilttoyees Provincial Park, BC, Canada"
"53.8333, -122.9333",BC,"Fort George Canyon Provincial Park, BC, Canada"
"58.6667, -122.7500",BC,"Fort Nelson River Ecological Reserve, BC, Canada"
"50.5500, -126.5000",BC,"Forward Harbour, BC, Canada"
"50.1500, -125.3667",BC,"Fossli Provincial Park, BC, Canada"
"54.5000, -128.6667",BC,"Foster Arm Protected Area, BC, Canada"
"49.6167, -123.9500",BC,"Francis Point Ecological Reserve, BC, Canada"
"49.6167, -123.9500",BC,"Francis Point Provincial Park, BC, Canada"
"49.4167, -121.5000",BC,"Fraser River Ecological Reserve, BC, Canada"
"49.5000, -121.4000",BC,"Fraser River Provincial Park, BC, Canada"
"54.7500, -124.6667",BC,"Fraser River Breaks Provincial Park, BC, Canada"
"50.3667, -120.1667",BC,"Fred Antoine Provincial Park, BC, Canada"
"50.7833, -121.7000",BC,"French Bar Creek Provincial Park, BC, Canada"
"48.3847, -123.9611",BC,"French Beach Provincial Park, BC, Canada"
"49.1667, -123.8667",BC,"Gabriola Sands Provincial Park, BC, Canada"
"48.9167, -123.5500",BC,"Galiano Island Ecological Reserve, BC, Canada"
"49.3167, -123.9500",BC,"Gamble Creek Ecological Reserve, BC, Canada"
"49.6267, -124.0278",BC,"Garden Bay Marine Provincial Park, BC, Canada"
"49.9586, -123.1208",BC,"Garibaldi Provincial Park, BC, Canada"
"49.7833, -124.5000",BC,"Gerald Island Provincial Park, BC, Canada"
"49.4833, -123.5167",BC,"Gibson Marine Provincial Park, BC, Canada"
"49.4000, -115.2500",BC,"Gilnockie Creek Ecological Reserve, BC, Canada"
"49.4167, -115.2500",BC,"Gilnockie Provincial Park, BC, Canada"
"49.0833, -118.3667",BC,"Gilpin Grasslands Provincial Park, BC, Canada"
"54.8000, -129.0000",BC,"Gingietl Creek Ecological Reserve, BC, Canada"
"53.9167, -122.6667",BC,"Giscome Portage Trail Protected Area, BC, Canada"
"54.3167, -129.5000",BC,"Gitnadoiks River Provincial Park, BC, Canada"
"53.5833, -130.6667",BC,"Gitxaala Nii Luutiksm/Kitkatla Conservancy, BC, Canada"
"49.0833, -118.2500",BC,"Gladstone Provincial Park, BC, Canada"
"59.3167, -134.3167",BC,"Gladys Lake Ecological Reserve, BC, Canada"
"52.0833, -127.7500",BC,"Goat Cove Conservancy, BC, Canada"
"50.1167, -117.1000",BC,"Goat Range Provincial Park, BC, Canada"
"50.8000, -127.6167",BC,"Gods Pocket Marine Provincial Park, BC, Canada"
"52.8167, -128.5667",BC,"Goguka Creek Protected Area, BC, Canada"
"49.8833, -126.0500",BC,"Gold Muchalat Provincial Park, BC, Canada"
"49.3667, -122.5667",BC,"Golden Ears Provincial Park, BC, Canada"
"53.9000, -132.4167",BC,"Golden Gate, BC, Canada"
"50.6667, -121.1667",BC,"Goldpan Provincial Park, BC, Canada"
"48.4667, -123.5500",BC,"Goldstream Provincial Park, BC, Canada"
"52.7667, -128.6167",BC,"Goose Bay Conservancy, BC, Canada"
"51.5833, -128.0667",BC,"Goosegrass Creek Ecological Reserve, BC, Canada"
"48.8667, -124.1167",BC,"Gordon Bay Provincial Park, BC, Canada"
"48.5667, -123.5333",BC,"Gowlland Tod Provincial Park, BC, Canada"
"56.2500, -123.5667",BC,"Graham-Laurier Provincial Park, BC, Canada"
"49.5000, -118.8333",BC,"Granby Provincial Park, BC, Canada"
"58.6000, -124.9667",BC,"Grayling River Hot Springs Ecological Reserve, BC, Canada"
"50.1667, -118.8167",BC,"Graystokes Protected Area, BC, Canada"
"56.6333, -132.0833",BC,"Great Glacier Provincial Park, BC, Canada"
"50.8667, -118.4000",BC,"Greenbush Lake Protected Area, BC, Canada"
"52.7833, -128.2667",BC,"Green Inlet Marine Provincial Park, BC, Canada"
"51.5500, -121.2833",BC,"Green Lake Provincial Park, BC, Canada"
"50.6167, -120.4167",BC,"Greenstone Mountain Provincial Park, BC, Canada"
"49.4667, -117.6333",BC,"Grohman Narrows Provincial Park, BC, Canada"
"53.0167, -129.2667",BC,"Gunboat Harbour Conservancy, BC, Canada"
"55.6500, -121.6667",BC,"Gwillim Lake Provincial Park, BC, Canada"
"50.8667, -122.5333",BC,"Gwyneth Lake Provincial Park, BC, Canada"
"50.4833, -125.9500",BC,"Yorke Island Conservancy, BC, Canada"
"54.3167, -130.1333",BC,"Hai Lake-Mount Herman Provincial Park, BC, Canada"
"50.4000, -123.1167",BC,"Haley Lake Ecological Reserve, BC, Canada"
"49.4500, -123.3833",BC,"Halkett Bay Marine Provincial Park, BC, Canada"
"52.5167, -117.6833",BC,"Hamber Provincial Park, BC, Canada"
"59.4167, -127.7000",BC,"Hanna-Tintina Conservancy, BC, Canada"
"57.7167, -129.9833",BC,"Harbour Dudgeon Lakes Provincial Park, BC, Canada"
"49.7167, -124.0000",BC,"Hardy Island Marine Provincial Park, BC, Canada"
"50.1667, -123.8000",BC,"Harmony Islands Marine Provincial Park, BC, Canada"
"50.1333, -122.4000",BC,"Harry Lake Aspen Provincial Park, BC, Canada"
"58.0000, -123.0000",BC,"Hay River Protected Area, BC, Canada"
"49.0333, -119.4500",BC,"Haynes Lease Ecological Reserve, BC, Canada"
"55.4167, -121.9500",BC,"Heather-Dina Lakes Provincial Park, BC, Canada"
"49.3167, -122.7667",BC,"Heather Lake Ecological Reserve, BC, Canada"
"50.0833, -115.5500",BC,"Height of the Rockies Provincial Park, BC, Canada"
"49.5333, -124.6833",BC,"Helliwell Provincial Park, BC, Canada"
"49.0833, -123.7833",BC,"Hemer Provincial Park, BC, Canada"
"50.7833, -119.2167",BC,"Herald Provincial Park, BC, Canada"
"49.3667, -126.6667",BC,"Hesquiat Lake Provincial Park, BC, Canada"
"49.3667, -126.6000",BC,"Hesquiat Peninsula Provincial Park, BC, Canada"
"54.3833, -126.0833",BC,"High Lakes Basin Provincial Park, BC, Canada"
"56.2667, -121.5000",BC,"Hitchie Creek Provincial Park, BC, Canada"
"52.3833, -127.8167",BC,"Hole-in-the-Wall Provincial Park, BC, Canada"
"53.5667, -126.6167",BC,"Holliday Creek Arch Protected Area, BC, Canada"
"50.8833, -124.8833",BC,"Homathko Estuary Provincial Park, BC, Canada"
"51.6167, -125.4167",BC,"Homathko River-Tatlayoko Protected Area, BC, Canada"
"48.8333, -124.0833",BC,"Honeymoon Bay Ecological Reserve, BC, Canada"
"49.3667, -124.6667",BC,"Horne Lake Caves Provincial Park, BC, Canada"
"54.5833, -127.7667",BC,"Horneline Creek Provincial Park, BC, Canada"
"52.3333, -121.3667",BC,"Horsefly Lake Provincial Park, BC, Canada"
"52.3667, -128.0167",BC,"Hotsprings-No Name Creek Conservancy, BC, Canada"
"53.0000, -127.0000",BC,"Huchsduwachsdu Nuyem Jees/Kitlope Heritage Conservancy, BC, Canada"
"49.0000, -123.9333",BC,"Hudson Rocks Ecological Reserve, BC, Canada"
"51.1500, -127.3000",BC,"Hunwadi/Ahnuhati-Bald Conservancy, BC, Canada"
"60.1167, -128.9333",BC,"Hyland River Provincial Park, BC, Canada"
"50.7667, -121.8667",BC,"100 Lakes Plateau Conservancy, BC, Canada"
"52.6500, -125.5833",BC,"Ilgachuz Range Ecological Reserve, BC, Canada"
"58.4167, -125.6667",BC,"Indian Lake–Hitchcock Creek Conservancy, BC, Canada"
"49.0667, -119.5667",BC,"Inkaneep Provincial Park, BC, Canada"
"49.9333, -124.4833",BC,"Inland Lake Provincial Park, BC, Canada"
"49.9333, -118.2167",BC,"Inonoaklin Provincial Park, BC, Canada"
"56.8167, -130.2667",BC,"Iskut River Hot Springs Provincial Park, BC, Canada"
"52.7500, -125.3333",BC,"Itcha Ilgachuz Provincial Park, BC, Canada"
"52.9167, -119.4000",BC,"Jackman Flats Provincial Park, BC, Canada"
"49.1333, -119.4500",BC,"Jackpine Remnant Provincial Park, BC, Canada"
"52.2167, -128.1500",BC,"Jackson Narrows Marine Provincial Park, BC, Canada"
"50.5000, -115.9833",BC,"James Chabot Provincial Park, BC, Canada"
"49.4833, -124.2167",BC,"Jedediah Island Marine Provincial Park, BC, Canada"
"52.5000, -128.2500",BC,"Jesse Falls Protected Area, BC, Canada"
"49.1000, -118.6500",BC,"Jewel Lake Provincial Park, BC, Canada"
"49.4667, -115.7667",BC,"Jimsmith Lake Provincial Park, BC, Canada"
"50.3333, -122.4833",BC,"Joffre Lakes Provincial Park, BC, Canada"
"49.0167, -119.2167",BC,"Johnstone Creek Provincial Park, BC, Canada"
"48.3667, -124.1167",BC,"Juan de Fuca Provincial Park, BC, Canada"
"51.3833, -127.7000",BC,"Jump Across Conservancy, BC, Canada"
"52.2500, -122.3333",BC,"Junction Sheep Range Provincial Park, BC, Canada"
"50.7500, -121.3333",BC,"Juniper Beach Provincial Park, BC, Canada"
"54.0500, -120.0833",BC,"Kakwa Provincial Park and Protected Area, BC, Canada"
"50.2336, -119.3244",BC,"Kalamalka Lake Provincial Park and Protected Area, BC, Canada"
"54.0333, -131.7833",BC,"Kamdis Conservancy, BC, Canada"
"52.6167, -127.1333",BC,"Katherine Tye Ecological Reserve, BC, Canada"
"53.6167, -129.7500",BC,"Turtle Point Conservancy, BC, Canada"
"50.1833, -119.3000",BC,"Kekuli Bay Provincial Park, BC, Canada"
"53.9000, -130.3000",BC,"Kennedy Island Conservancy, BC, Canada"
"49.0500, -125.6500",BC,"Kennedy Lake Provincial Park, BC, Canada"
"49.1167, -125.4833",BC,"Kennedy River Bog Provincial Park, BC, Canada"
"49.8833, -120.3000",BC,"Kentucky Alleyne Provincial Park, BC, Canada"
"49.1833, -119.8500",BC,"Keremeos Columns Provincial Park, BC, Canada"
"49.0833, -118.7333",BC,"Kettle River Recreation Area, BC, Canada"
"54.6833, -129.8833",BC,"Khtada Lake Conservancy, BC, Canada"
"54.6833, -130.1000",BC,"Khutzeymateen Inlet Conservancy, BC, Canada"
"54.7667, -130.1500",BC,"Khutzeymateen Inlet West Conservancy, BC, Canada"
"54.7000, -130.0667",BC,"Khutzeymateen Provincial Park, BC, Canada"
"54.3000, -130.3833",BC,"Khyex Conservancy, BC, Canada"
"49.6667, -116.1667",BC,"Kianuko Provincial Park, BC, Canada"
"49.5667, -119.6167",BC,"Kickininee Provincial Park, BC, Canada"
"49.3000, -115.1833",BC,"Kikomun Creek Provincial Park, BC, Canada"
"51.7667, -127.6833",BC,"Kilbella Estuary Conservancy, BC, Canada"
"49.2500, -121.9333",BC,"Kilby Provincial Park, BC, Canada"
"52.6167, -127.7500",BC,"Kimsquit Estuary Conservancy, BC, Canada"
"49.7000, -124.9333",BC,"Kin Beach Provincial Park, BC, Canada"
"57.5333, -129.6167",BC,"Kinaskan Lake Provincial Park, BC, Canada"
"51.0333, -125.9000",BC,"King George VI Provincial Park, BC, Canada"
"50.9500, -126.1167",BC,"Kingcome River/Atlatzi Ecological Reserve, BC, Canada"
"50.5333, -119.1667",BC,"Kingfisher Creek Ecological Reserve, BC, Canada"
"50.5667, -119.1167",BC,"Kingfisher Creek Provincial Park, BC, Canada"
"55.7500, -120.6333",BC,"Kiskatinaw Provincial Park, BC, Canada"
"55.7833, -120.5000",BC,"Kiskatinaw River Provincial Park, BC, Canada"
"52.7333, -128.5000",BC,"Kitasoo Spirit Bear Conservancy, BC, Canada"
"53.9833, -128.6333",BC,"Kitimat River Provincial Park, BC, Canada"
"54.0833, -130.3667",BC,"Kitson Island Marine Provincial Park, BC, Canada"
"54.5000, -128.6667",BC,"Kitsumkalum Provincial Park, BC, Canada"
"49.7833, -124.9500",BC,"Kitty Coleman Provincial Park, BC, Canada"
"55.0667, -128.0833",BC,"Kitwanga Mountain Provincial Park, BC, Canada"
"48.7333, -124.6833",BC,"Klanawa River Ecological Reserve, BC, Canada"
"50.2000, -127.3667",BC,"Klaskish River Ecological Reserve, BC, Canada"
"54.5167, -128.4333",BC,"Kleanza Creek Provincial Park, BC, Canada"
"53.9667, -129.5000",BC,"Klewnuggit Conservancy, BC, Canada"
"53.9333, -129.5000",BC,"Klewnuggit Inlet Marine Provincial Park, BC, Canada"
"55.8333, -122.5833",BC,"Klin-se-za Provincial Park, BC, Canada"
"58.8167, -124.6333",BC,"Klua Lakes Protected Area, BC, Canada"
"53.5833, -124.3667",BC,"Kluskoil Lake Provincial Park, BC, Canada"
"52.8833, -129.6833",BC,"Ashdown Conservancy, BC, Canada"
"52.2167, -127.6667",BC,"Koeye Conservancy, BC, Canada"
"49.6167, -117.0167",BC,"Kokanee Creek Provincial Park, BC, Canada"
"49.7500, -117.0000",BC,"Kokanee Glacier Provincial Park, BC, Canada"
"48.7833, -123.7667",BC,"Koksilah River Provincial Park, BC, Canada"
"49.7500, -116.9333",BC,"Kootenay Lake Provincial Park, BC, Canada"
"53.1667, -128.6167",BC,"Kootz/Khutze Conservancy, BC, Canada"
"58.5167, -122.8333",BC,"Kotcho Lake Ecological Reserve, BC, Canada"
"58.5167, -122.8333",BC,"Kotcho Lake Village Provincial Park, BC, Canada"
"54.2500, -130.5167",BC,"Stephens Island Conservancy, BC, Canada"
"54.2833, -129.9000",BC,"Stagoo Conservancy, BC, Canada"
"53.8833, -129.9333",BC,"Racey Inlet Conservancy, BC, Canada"
"53.9833, -129.8667",BC,"MacDonald Bay Conservancy, BC, Canada"
"54.3333, -129.8667",BC,"Union Lake Conservancy, BC, Canada"
"57.5833, -124.5833",BC,"Kwadacha Wilderness Provincial Park, BC, Canada"
"51.5667, -127.9167",BC,"Kwatna Estuary Conservancy, BC, Canada"
"55.7667, -128.0167",BC,"Twin Two Conservancy, BC, Canada"
"50.7833, -120.4000",BC,"Lac du Bois Grasslands Protected Area, BC, Canada"
"51.8167, -121.4333",BC,"Lac La Hache Provincial Park, BC, Canada"
"50.5667, -120.3667",BC,"Lac Le Jeune Provincial Park, BC, Canada"
"54.2167, -132.0167",BC,"Lady Douglas-Don Peninsula Conservancy, BC, Canada"
"54.3667, -128.6167",BC,"Lakelse Lake Provincial Park, BC, Canada"
"54.3000, -128.5000",BC,"Lakelse Lake Wetlands Provincial Park, BC, Canada"
"50.9000, -128.3667",BC,"Lanz and Cox Islands Provincial Park, BC, Canada"
"52.9500, -129.2500",BC,"Larcom Lagoon Conservancy, BC, Canada"
"49.4667, -124.2833",BC,"Lasqueti Island Ecological Reserve, BC, Canada"
"48.6500, -123.4833",BC,"John Dean Provincial Park, BC, Canada"
"56.9167, -130.0500",BC,"Lava Forks Provincial Park, BC, Canada"
"51.5500, -128.1667",BC,"Lawn Point Provincial Park, BC, Canada"
"53.6167, -129.8167",BC,"Campania Conservancy, BC, Canada"
"54.5000, -129.6000",BC,"Bonilla Conservancy, BC, Canada"
"54.4167, -130.4167",BC,"Dundas and Melville Islands Conservancy, BC, Canada"
"53.9500, -130.5500",BC,"Fin Conservancy, BC, Canada"
"53.5167, -132.6667",BC,"Lepas Bay Ecological Reserve, BC, Canada"
"51.6833, -125.3000",BC,"Lew Creek Ecological Reserve, BC, Canada"
"59.4333, -126.1000",BC,"Liard River Corridor Provincial Park and Protected Area, BC, Canada"
"59.4211, -126.1033",BC,"Liard River Hot Springs Provincial Park, BC, Canada"
"50.2667, -124.8667",BC,"Lily Pad Lake Ecological Reserve, BC, Canada"
"56.6500, -132.3833",BC,"Little Andrews Bay Marine Provincial Park, BC, Canada"
"49.3500, -124.5167",BC,"Little Qualicum Falls Provincial Park, BC, Canada"
"49.0833, -121.9333",BC,"Liumchen Ecological Reserve, BC, Canada"
"49.5167, -116.8667",BC,"Lockhart Beach Provincial Park, BC, Canada"
"49.5333, -116.8833",BC,"Lockhart Creek Provincial Park, BC, Canada"
"51.0167, -125.9667",BC,"Lockhart-Gordon Conservancy, BC, Canada"
"54.5167, -128.4667",BC,"Long Creek Provincial Park, BC, Canada"
"53.6167, -128.6167",BC,"Long Island Conservancy, BC, Canada"
"49.5667, -122.4167",BC,"Loon Lake Provincial Park, BC, Canada"
"50.0833, -125.3167",BC,"Loveland Bay Provincial Park, BC, Canada"
"53.9500, -129.8833",BC,"Lowe Inlet Marine Provincial Park, BC, Canada"
"50.4167, -126.0500",BC,"Lower Nimpkish Provincial Park, BC, Canada"
"53.3667, -120.3833",BC,"Lower Raush Protected Area, BC, Canada"
"54.1667, -129.9167",BC,"Lower Skeena River Provincial Park, BC, Canada"
"50.3833, -126.9333",BC,"Lower Tsitika River Provincial Park, BC, Canada"
"54.0667, -130.5333",BC,"Lucy Islands Conservancy Area, BC, Canada"
"50.5167, -118.9167",BC,"Mabel Lake Provincial Park, BC, Canada"
"51.0833, -126.6667",BC,"Machmell Conservancy, BC, Canada"
"53.2167, -122.4667",BC,"Mackinnon Esker Ecological Reserve, BC, Canada"
"49.2833, -124.6667",BC,"MacMillan Provincial Park, BC, Canada"
"49.3333, -119.6000",BC,"Mahoney Lake Ecological Reserve, BC, Canada"
"52.4500, -128.3667",BC,"Deserters-Walker Conservancy, BC, Canada"
"50.1833, -125.1333",BC,"Main Lake Provincial Park, BC, Canada"
"50.0333, -124.8833",BC,"Malaspina Provincial Park, BC, Canada"
"50.0167, -124.9833",BC,"Mansons Landing Provincial Park, BC, Canada"
"52.7500, -129.9500",BC,"Manzanita Cove Conservancy, BC, Canada"
"49.5833, -126.6167",BC,"Maquinna Marine Provincial Park and Protected Area, BC, Canada"
"50.6667, -119.0167",BC,"Mara Meadows Ecological Reserve, BC, Canada"
"50.6667, -119.0167",BC,"Mara Meadows Provincial Park, BC, Canada"
"50.6833, -119.0167",BC,"Mara Provincial Park, BC, Canada"
"50.8667, -121.6667",BC,"Marble Canyon Provincial Park, BC, Canada"
"51.1333, -122.3667",BC,"Marble Range Provincial Park, BC, Canada"
"50.5333, -127.5667",BC,"Marble River Provincial Park, BC, Canada"
"51.3333, -116.9667",BC,"Marl Creek Provincial Park, BC, Canada"
"51.3667, -118.9500",BC,"Martha Creek Provincial Park, BC, Canada"
"59.3333, -123.6667",BC,"Maxhamish Lake Provincial Park and Protected Area, BC, Canada"
"53.5000, -130.5000",BC,"Union Passage Conservancy, BC, Canada"
"50.5833, -120.4167",BC,"McConnell Lake Provincial Park, BC, Canada"
"49.9667, -117.0167",BC,"McDonald Creek Provincial Park, BC, Canada"
"50.3167, -120.3500",BC,"McQueen Creek Ecological Reserve, BC, Canada"
"49.6333, -126.5833",BC,"Megin River Ecological Reserve, BC, Canada"
"50.1667, -122.0000",BC,"Mehatl Creek Provincial Park, BC, Canada"
"48.6333, -123.6333",BC,"Memory Island Provincial Park, BC, Canada"
"53.6667, -123.8667",BC,"Meridian Road (Vanderhoof) Ecological Reserve, BC, Canada"
"56.1167, -129.2833",BC,"Meziadin Lake Provincial Park, BC, Canada"
"55.5833, -125.3167",BC,"Milligan Hills Provincial Park, BC, Canada"
"49.8333, -125.1167",BC,"Miracle Beach Provincial Park, BC, Canada"
"50.6333, -125.2833",BC,"Misty Lake Ecological Reserve, BC, Canada"
"49.9500, -125.0000",BC,"Mitlenatch Island Nature Provincial Park, BC, Canada"
"55.7500, -122.4667",BC,"Moberly Lake Provincial Park, BC, Canada"
"52.5167, -128.5167",BC,"Chapple–Cornwall Conservancy, BC, Canada"
"51.6333, -126.3333",BC,"Momich Lakes Provincial Park, BC, Canada"
"50.9333, -118.5333",BC,"Monashee Provincial Park, BC, Canada"
"50.2000, -120.6833",BC,"Monck Provincial Park, BC, Canada"
"54.7000, -121.2833",BC,"Monkman Provincial Park, BC, Canada"
"48.8667, -123.3167",BC,"Montague Harbour Marine Provincial Park, BC, Canada"
"50.6667, -119.9167",BC,"Monte Creek Provincial Park, BC, Canada"
"50.5500, -119.9167",BC,"Monte Lake Provincial Park, BC, Canada"
"52.4500, -128.7000",BC,"Moore/McKenney/Whitmore Islands Ecological Reserve, BC, Canada"
"52.6167, -122.5000",BC,"Moose Valley Provincial Park, BC, Canada"
"49.1333, -123.8667",BC,"Morden Colliery Historic Provincial Park, BC, Canada"
"54.1500, -127.5000",BC,"Morice Lake Provincial Park, BC, Canada"
"54.0167, -127.7167",BC,"Morice River Ecological Reserve, BC, Canada"
"49.3833, -114.9167",BC,"Morrissey Provincial Park, BC, Canada"
"50.2000, -125.3333",BC,"Morton Lake Provincial Park, BC, Canada"
"50.8833, -115.6333",BC,"Mount Assiniboine Provincial Park, BC, Canada"
"56.6667, -126.5333",BC,"Mount Blanchet Provincial Park, BC, Canada"
"50.3000, -122.6667",BC,"Mount Derby Ecological Reserve, BC, Canada"
"57.7500, -130.6333",BC,"Mount Edziza Provincial Park, BC, Canada"
"50.9000, -127.2667",BC,"Mount Elliott Ecological Reserve, BC, Canada"
"49.4333, -123.5333",BC,"Mount Elphinstone Provincial Park, BC, Canada"
"48.8667, -123.5167",BC,"Mount Erskine Provincial Park, BC, Canada"
"49.5000, -115.0667",BC,"Mount Fernie Provincial Park, BC, Canada"
"49.5500, -124.9667",BC,"Mount Geoffrey Escarpment Provincial Park, BC, Canada"
"50.6667, -118.8167",BC,"Mount Griffin Ecological Reserve, BC, Canada"
"50.6667, -118.8000",BC,"Mount Griffin Provincial Park, BC, Canada"
"48.8167, -123.5167",BC,"Mount Maxwell Ecological Reserve, BC, Canada"
"48.8167, -123.5167",BC,"Mount Maxwell Provincial Park, BC, Canada"
"56.2167, -132.3000",BC,"Mount Minto, BC, Canada"
"54.4667, -124.4167",BC,"Mount Pope Provincial Park, BC, Canada"
"49.4833, -123.6667",BC,"Mount Richardson Provincial Park, BC, Canada"
"53.1000, -119.2333",BC,"Mount Robson Provincial Park, BC, Canada"
"50.8500, -120.2500",BC,"Mount Sabine Ecological Reserve, BC, Canada"
"50.5833, -120.6667",BC,"Mount Savona Provincial Park, BC, Canada"
"49.3667, -122.9500",BC,"Mount Seymour Provincial Park, BC, Canada"
"52.9667, -119.2000",BC,"Mount Terry Fox Provincial Park, BC, Canada"
"50.8833, -121.4000",BC,"Mount Tinsdale Ecological Reserve, BC, Canada"
"48.8167, -123.5167",BC,"Mount Tuam Ecological Reserve, BC, Canada"
"48.7833, -123.6333",BC,"Mount Tzuhalem Ecological Reserve, BC, Canada"
"49.4500, -115.7500",BC,"Moyie Lake Provincial Park, BC, Canada"
"53.9500, -122.7333",BC,"Mud Lake Delta Provincial Park, BC, Canada"
"56.2000, -126.3333",BC,"Mudzenchoot Provincial Park, BC, Canada"
"58.9278, -125.7675",BC,"Muncho Lake Provincial Park, BC, Canada"
"50.0667, -127.5000",BC,"Brooks Peninsula Provincial Park, BC, Canada"
"49.6167, -123.1833",BC,"Murrin Provincial Park, BC, Canada"
"57.0000, -125.0000",BC,"Muscovite Lakes Provincial Park, BC, Canada"
"49.8167, -119.3833",BC,"Myra-Bellevue Provincial Park, BC, Canada"
"53.6667, -126.7000",BC,"Nadina Mountain Provincial Park, BC, Canada"
"49.9833, -121.6000",BC,"Nahatlatch Provincial Park and Protected Area, BC, Canada"
"53.8000, -131.8333",BC,"Naikoon Provincial Park, BC, Canada"
"50.3167, -122.8000",BC,"Nairn Falls Provincial Park, BC, Canada"
"56.2833, -125.1000",BC,"Nalbeelah Creek Wetlands Provincial Park, BC, Canada"
"51.8833, -127.9333",BC,"Namu Conservancy, BC, Canada"
"51.9500, -127.9333",BC,"Namu Corridor Conservancy, BC, Canada"
"49.2167, -117.7167",BC,"Nancy Greene Provincial Park, BC, Canada"
"53.8667, -133.5000",BC,"Nang Xaldangaas Conservancy, BC, Canada"
"53.1500, -122.7500",BC,"Narcosli Lake Ecological Reserve, BC, Canada"
"55.6833, -125.2167",BC,"Nation Lakes Provincial Park, BC, Canada"
"52.6167, -123.5333",BC,"Nazko Lake Provincial Park, BC, Canada"
"53.6667, -125.1000",BC,"Nechako Canyon Protected Area, BC, Canada"
"54.1167, -124.3667",BC,"Nechako River Ecological Reserve, BC, Canada"
"51.0000, -127.6667",BC,"Nekite Estuary Conservancy, BC, Canada"
"54.0667, -127.7500",BC,"Nanika-Kidprice Provincial Park, BC, Canada"
"55.3000, -126.7167",BC,"Netalzul Meadows Provincial Park, BC, Canada"
"49.4167, -119.7500",BC,"Nickel Plate Provincial Park, BC, Canada"
"49.2833, -121.4667",BC,"Nicolum River Provincial Park, BC, Canada"
"55.1667, -127.9833",BC,"Nilkitkwa Lake Provincial Park, BC, Canada"
"50.4167, -126.9667",BC,"Nimpkish River Ecological Reserve, BC, Canada"
"50.5833, -126.9833",BC,"Nimpkish Lake Provincial Park, BC, Canada"
"56.3667, -130.0167",BC,"Ningunsaw River Ecological Reserve, BC, Canada"
"56.3333, -130.0000",BC,"Ningunsaw Provincial Park, BC, Canada"
"50.7833, -119.6333",BC,"Niskonlith Lake Provincial Park, BC, Canada"
"48.7000, -124.6167",BC,"Nitinat Lake Ecological Reserve, BC, Canada"
"48.7000, -124.6167",BC,"Nitinat River Provincial Park, BC, Canada"
"50.3667, -122.9333",BC,"Cerise Creek Conservancy, BC, Canada"
"53.0500, -128.0500",BC,"Nooseseck Conservancy, BC, Canada"
"49.5000, -115.5000",BC,"Norbury Lake Provincial Park, BC, Canada"
"48.5167, -124.3833",BC,"North Spit Conservancy, BC, Canada"
"52.3667, -119.6167",BC,"North Thompson Islands Provincial Park, BC, Canada"
"52.1167, -119.7167",BC,"North Thompson Oxbows East Provincial Park, BC, Canada"
"52.1333, -119.7500",BC,"North Thompson Oxbows Jensen Island Provincial Park, BC, Canada"
"52.0833, -119.8000",BC,"North Thompson Oxbows Manteau Provincial Park, BC, Canada"
"52.0333, -119.9000",BC,"North Thompson River Provincial Park, BC, Canada"
"57.7500, -124.8500",BC,"Northern Rocky Mountains Provincial Park, BC, Canada"
"49.7667, -126.9667",BC,"Nuchatlitz Provincial Park, BC, Canada"
"51.9167, -124.7000",BC,"Nuntsi Provincial Park, BC, Canada"
"48.4333, -123.3000",BC,"Oak Bay Islands Ecological Reserve, BC, Canada"
"50.2167, -125.1167",BC,"Octopus Islands Marine Provincial Park, BC, Canada"
"49.7333, -119.6333",BC,"Okanagan Lake Provincial Park, BC, Canada"
"49.7500, -119.4500",BC,"Okanagan Mountain Provincial Park, BC, Canada"
"50.0667, -124.7667",BC,"Okeover Arm Provincial Park, BC, Canada"
"49.2167, -119.5667",BC,"Old Man Lake Provincial Park, BC, Canada"
"52.1500, -128.3000",BC,"Oliver Cove Marine Provincial Park, BC, Canada"
"56.1167, -125.6167",BC,"Omineca Provincial Park and Protected Area, BC, Canada"
"55.7667, -120.0167",BC,"One Island Lake Provincial Park, BC, Canada"
"57.1667, -127.5000",BC,"Oregana Creek Provincial Park, BC, Canada"
"50.6667, -121.3667",BC,"Oregon Jack Provincial Park, BC, Canada"
"56.0167, -124.1667",BC,"Ospika Cones Ecological Reserve, BC, Canada"
"49.4333, -120.1833",BC,"Otter Lake Provincial Park, BC, Canada"
"52.6667, -128.9167",BC,"Outer Central Coast Islands Conservancy, BC, Canada"
"51.5333, -127.8333",BC,"Owikeno Conservancy, BC, Canada"
"52.0000, -127.3333",BC,"Owyacumish River Provincial Park, BC, Canada"
"50.9000, -127.7667",BC,"Pa-aat Conservancy, BC, Canada"
"54.5167, -125.8333",BC,"Paarens Beach Provincial Park, BC, Canada"
"50.9333, -121.5167",BC,"Painted Bluffs Provincial Park, BC, Canada"
"50.5500, -127.9167",BC,"Estero Basin Conservancy, BC, Canada"
"55.0833, -127.9333",BC,"Parker Lake Ecological Reserve, BC, Canada"
"57.2167, -123.9667",BC,"Patsuk Creek Ecological Reserve, BC, Canada"
"49.5167, -118.4500",BC,"Patterson Lake Provincial Park, BC, Canada"
"50.7500, -120.1167",BC,"Paul Lake Provincial Park, BC, Canada"
"49.0000, -122.7500",BC,"Peace Arch Provincial Park, BC, Canada"
"56.1500, -121.1000",BC,"Peace River Corridor Provincial Park, BC, Canada"
"49.9667, -120.0500",BC,"Pennask Creek Provincial Park, BC, Canada"
"49.9667, -120.0833",BC,"Pennask Lake Provincial Park, BC, Canada"
"52.2333, -128.3667",BC,"Penrose Island Marine Provincial Park, BC, Canada"
"52.3500, -128.4833",BC,"Penrose-Ripon Conservancy, BC, Canada"
"49.1500, -123.9500",BC,"Petroglyph Provincial Park, BC, Canada"
"52.2167, -128.4000",BC,"Pillar Provincial Park, BC, Canada"
"49.7167, -116.8667",BC,"Pilot Bay Provincial Park, BC, Canada"
"55.3333, -121.5667",BC,"Pine Le Moray Provincial Park, BC, Canada"
"49.4667, -122.6333",BC,"Pinecone Burke Provincial Park, BC, Canada"
"57.0167, -122.6167",BC,"Pink Mountain Provincial Park, BC, Canada"
"55.7167, -121.5333",BC,"Pine River Breaks Provincial Park, BC, Canada"
"52.9667, -122.5000",BC,"Pinnacles Provincial Park, BC, Canada"
"49.0167, -123.7167",BC,"Pirates Cove Marine Provincial Park, BC, Canada"
"57.0000, -127.1667",BC,"Pitman River Protected Area, BC, Canada"
"49.3667, -122.6833",BC,"Pitt Polder Ecological Reserve, BC, Canada"
"49.4500, -123.4833",BC,"Plumper Cove Marine Provincial Park, BC, Canada"
"52.5667, -129.1000",BC,"Polkinghorne Islands Conservancy, BC, Canada"
"52.6667, -128.4667",BC,"Pooley Island Conservancy, BC, Canada"
"51.2833, -120.4333",BC,"Porcupine Meadows Provincial Park, BC, Canada"
"49.5000, -123.7167",BC,"Porpoise Bay Provincial Park, BC, Canada"
"58.0000, -123.7500",BC,"Portage Brule Rapids Ecological Reserve and Protected Area, BC, Canada"
"49.5833, -123.2333",BC,"Porteau Cove Provincial Park, BC, Canada"
"53.0000, -129.2167",BC,"Port Arthur Conservancy, BC, Canada"
"50.3000, -127.3500",BC,"Hisnit River Watershed Protected Area, BC, Canada"
"49.8667, -115.5333",BC,"Premier Lake Provincial Park, BC, Canada"
"50.2000, -123.8333",BC,"Princess Louisa Marine Provincial Park, BC, Canada"
"50.6167, -119.6000",BC,"Pritchard Provincial Park, BC, Canada"
"58.1333, -124.7500",BC,"Prophet River Hotsprings Provincial Park, BC, Canada"
"57.5667, -122.7667",BC,"Prophet River Wayside Provincial Park, BC, Canada"
"54.2333, -130.1333",BC,"Prudhomme Lake Provincial Park, BC, Canada"
"59.0000, -126.8333",BC,"Ptarmigan Creek Provincial Park and Protected Area, BC, Canada"
"50.8667, -119.7833",BC,"Pukeashun Provincial Park, BC, Canada"
"53.2000, -123.0833",BC,"Puntchesakut Lake Provincial Park, BC, Canada"
"52.6000, -128.9833",BC,"Punti Island Provincial Park, BC, Canada"
"50.7667, -116.2000",BC,"Purcell Wilderness Conservancy Provincial Park and Protected Area, BC, Canada"
"53.9167, -122.0667",BC,"Purden Lake Provincial Park, BC, Canada"
"54.0000, -132.0000",BC,"Pure Lake Provincial Park, BC, Canada"
"52.9000, -119.0000",BC,"Pyramid Creek Falls Provincial Park, BC, Canada"
"52.2667, -128.0167",BC,"Aaltanhash Conservancy, BC, Canada"
"50.4833, -127.6167",BC,"Quatsino Provincial Park, BC, Canada"
"53.2000, -132.0167",BC,"Gillard-Jimmy Judd Island Conservancy, BC, Canada"
"52.6667, -121.6667",BC,"Quesnel Lake Provincial Park, BC, Canada"
"50.4667, -123.3000",BC,"Upper Birkenhead Conservancy, BC, Canada"
"50.6833, -126.6167",BC,"Qwiquallaaq/Boat Bay Conservancy, BC, Canada"
"48.3000, -123.5333",BC,"Race Rocks Ecological Reserve, BC, Canada"
"50.6167, -128.0000",BC,"Raft Cove Provincial Park, BC, Canada"
"56.0333, -127.9500",BC,"Rainbow Alley Provincial Park, BC, Canada"
"52.2000, -120.0667",BC,"Rainbow Provincial Park, BC, Canada"
"50.0333, -115.4667",BC,"Ram Creek Ecological Reserve, BC, Canada"
"54.1333, -132.6167",BC,"Raspberry Harbour Ecological Reserve, BC, Canada"
"49.3194, -124.2947",BC,"Rathtrevor Beach Provincial Park, BC, Canada"
"50.2333, -125.1167",BC,"Read Island Provincial Park, BC, Canada"
"52.9833, -119.4333",BC,"Rearguard Falls Provincial Park, BC, Canada"
"50.1167, -125.2000",BC,"Rebecca Spit Marine Provincial Park, BC, Canada"
"53.0667, -122.5000",BC,"Red Bluff Provincial Park, BC, Canada"
"53.7500, -122.0000",BC,"Redbrush Provincial Park, BC, Canada"
"57.3333, -124.5000",BC,"Redfern-Keily Provincial Park, BC, Canada"
"50.1833, -125.1333",BC,"Rendezvous Island South Provincial Park, BC, Canada"
"52.3000, -128.3333",BC,"Rescue Bay Conservancy, BC, Canada"
"52.2667, -128.2667",BC,"Restoration Bay Conservancy, BC, Canada"
"49.4167, -123.6167",BC,"Roberts Creek Provincial Park, BC, Canada"
"49.1167, -123.8167",BC,"Roberts Memorial Provincial Park, BC, Canada"
"50.5167, -126.6167",BC,"Robson Bight (Michael Bigg) Ecological Reserve, BC, Canada"
"50.5000, -120.1167",BC,"Roche Lake Provincial Park, BC, Canada"
"50.2167, -125.6667",BC,"Rock Bay Marine Provincial Park, BC, Canada"
"55.8667, -120.1167",BC,"Rolla Canyon Ecological Reserve, BC, Canada"
"49.2167, -122.4000",BC,"Rolley Lake Provincial Park, BC, Canada"
"50.1333, -124.8167",BC,"Roscoe Bay Provincial Park, BC, Canada"
"53.1000, -131.9500",BC,"Rose Islets Ecological Reserve, BC, Canada"
"54.0167, -131.8333",BC,"Rose Spit Ecological Reserve, BC, Canada"
"50.0000, -117.3667",BC,"Rosebery Provincial Park, BC, Canada"
"49.4500, -124.7333",BC,"Rosewall Creek Provincial Park, BC, Canada"
"49.2500, -121.5833",BC,"Ross Lake Ecological Reserve, BC, Canada"
"54.4500, -126.9333",BC,"Ross Lake Provincial Park, BC, Canada"
"54.2500, -126.0000",BC,"Rubyrock Lake Provincial Park, BC, Canada"
"48.7833, -123.3500",BC,"Ruckle Provincial Park, BC, Canada"
"50.0000, -127.6667",BC,"Rugged Point Marine Provincial Park, BC, Canada"
"51.9333, -121.8333",BC,"Ruth Lake Provincial Park, BC, Canada"
"53.2000, -121.8000",BC,"Ryan Provincial Park, BC, Canada"
"49.5167, -124.2000",BC,"Sabine Channel Provincial Park, BC, Canada"
"49.8000, -124.2000",BC,"Saltery Bay Provincial Park, BC, Canada"
"48.5833, -124.0000",BC,"San Juan Ridge Ecological Reserve, BC, Canada"
"48.6167, -124.3167",BC,"San Juan River Ecological Reserve, BC, Canada"
"53.6000, -129.7667",BC,"Sanctuary Bay Conservancy, BC, Canada"
"53.1500, -129.5833",BC,"Sand Point Conservancy, BC, Canada"
"49.2000, -123.8000",BC,"Sandwell Provincial Park, BC, Canada"
"50.4167, -127.3333",BC,"Santa Gertrudis-Boca del Infierno Provincial Park, BC, Canada"
"49.5000, -123.7667",BC,"Sargeant Bay Provincial Park, BC, Canada"
"50.7833, -128.4333",BC,"Sartine Island Ecological Reserve, BC, Canada"
"49.4167, -121.6500",BC,"Sasquatch Provincial Park, BC, Canada"
"48.7000, -123.5167",BC,"Satellite Channel Ecological Reserve, BC, Canada"
"49.4333, -122.9333",BC,"Indian Arm Park, BC, Canada"
"49.1833, -123.9333",BC,"Newcastle Island Marine Park, BC, Canada"
"57.2167, -130.0000",BC,"Scatter River Old Growth Provincial Park, BC, Canada"
"50.3667, -126.0833",BC,"Schoen Lake Provincial Park, BC, Canada"
"50.6167, -127.5667",BC,"Schoolhouse Lake Provincial Park, BC, Canada"
"49.6167, -123.8500",BC,"Sechelt Inlets Marine Provincial Park, BC, Canada"
"50.4333, -122.4500",BC,"Seeley Lake Provincial Park, BC, Canada"
"50.6333, -122.3833",BC,"Seton Portage Historic Provincial Park, BC, Canada"
"54.3833, -127.7500",BC,"Seven Sisters Provincial Park and Protected Area, BC, Canada"
"49.6833, -123.1556",BC,"Shannon Falls Provincial Park, BC, Canada"
"53.4000, -128.2000",BC,"Shearwater Hot Springs Conservancy, BC, Canada"
"51.5833, -127.6667",BC,"Sheemahant Conservancy, BC, Canada"
"50.9167, -119.4333",BC,"Shuswap Lake Provincial Park, BC, Canada"
"50.9667, -119.5000",BC,"Shuswap Lake Marine Provincial Park, BC, Canada"
"50.5333, -119.1167",BC,"Shuswap River Islands Provincial Park, BC, Canada"
"57.0000, -122.0000",BC,"Sikanni Chief Canyon Provincial Park, BC, Canada"
"57.1667, -122.2167",BC,"Sikanni Chief Falls Protected Area, BC, Canada"
"57.1167, -122.0500",BC,"Sikanni Chief River Ecological Reserve, BC, Canada"
"57.0833, -122.1333",BC,"Sikanni Old Growth Provincial Park, BC, Canada"
"50.7500, -119.2667",BC,"Silver Beach Provincial Park, BC, Canada"
"49.6333, -122.4167",BC,"Silver Lake Provincial Park, BC, Canada"
"50.3667, -119.0500",BC,"Silver Star Provincial Park, BC, Canada"
"52.8333, -128.3667",BC,"Simpson Lake East Conservancy, BC, Canada"
"49.4500, -123.2167",BC,"Simson Provincial Park, BC, Canada"
"52.3500, -128.4000",BC,"Sir Alexander Mackenzie Provincial Park, BC, Canada"
"50.5167, -120.3167",BC,"Six Mile Hill Protected Area, BC, Canada"
"49.0833, -121.0667",BC,"Skagit River Cottonwoods Ecological Reserve, BC, Canada"
"49.1167, -121.2000",BC,"Skagit River Forest Ecological Reserve, BC, Canada"
"49.1000, -121.1833",BC,"Skagit River Rhododendrons Ecological Reserve, BC, Canada"
"49.0833, -121.1667",BC,"Skagit Valley Provincial Park, BC, Canada"
"49.4000, -119.5500",BC,"Skaha Bluffs Provincial Park, BC, Canada"
"54.2000, -130.2833",BC,"Skeena Bank Conservancy, BC, Canada"
"54.3333, -129.7167",BC,"Skeena River Ecological Reserve, BC, Canada"
"50.8167, -121.4667",BC,"Skihist Ecological Reserve, BC, Canada"
"50.8333, -121.4667",BC,"Skihist Provincial Park, BC, Canada"
"49.7667, -123.9667",BC,"Skookumchuk Narrows Provincial Park, BC, Canada"
"51.5667, -127.6000",BC,"Skookumchuk Rapids Provincial Park, BC, Canada"
"51.0833, -122.1333",BC,"Skwaha Lake Ecological Reserve, BC, Canada"
"52.0000, -128.0500",BC,"Sleeping Beauty Mountain Provincial Park, BC, Canada"
"53.3333, -121.0833",BC,"Slim Creek Provincial Park, BC, Canada"
"50.3667, -125.1667",BC,"Small Inlet Marine Provincial Park, BC, Canada"
"52.0667, -119.8667",BC,"Small River Caves Provincial Park, BC, Canada"
"50.0500, -124.9500",BC,"Smelt Bay Provincial Park, BC, Canada"
"53.6167, -129.4500",BC,"Smithers Island Conservancy, BC, Canada"
"58.4667, -125.7833",BC,"Smith River Ecological Reserve, BC, Canada"
"58.3333, -125.7500",BC,"Smith River Falls–Fort Halkett Provincial Park, BC, Canada"
"49.4833, -123.9667",BC,"Smuggler Cove Marine Provincial Park, BC, Canada"
"49.7500, -120.1667",BC,"Snowy Protected Area, BC, Canada"
"50.5833, -121.1333",BC,"Soap Lake Ecological Reserve, BC, Canada"
"50.1333, -127.9000",BC,"Solander Island Ecological Reserve, BC, Canada"
"48.3667, -123.7000",BC,"Sooke Mountain Provincial Park, BC, Canada"
"48.4400, -123.7167",BC,"Sooke Potholes Provincial Park, BC, Canada"
"50.8333, -123.5000",BC,"South Chilcotin Mountains Provincial Park, BC, Canada"
"49.5667, -124.2000",BC,"South Texada Island Provincial Park, BC, Canada"
"54.2000, -124.3000",BC,"Sowchea Bay Provincial Park, BC, Canada"
"57.4167, -129.9167",BC,"Spatsizi Headwaters Provincial Park, BC, Canada"
"57.5000, -129.9167",BC,"Spatsizi Plateau Wilderness Provincial Park, BC, Canada"
"48.5167, -123.5333",BC,"Spectacle Lake Provincial Park, BC, Canada"
"49.2833, -124.6167",BC,"Spider Lake Provincial Park, BC, Canada"
"49.5833, -123.6167",BC,"Spipiyus Provincial Park, BC, Canada"
"49.3167, -124.8667",BC,"Sproat Lake Provincial Park, BC, Canada"
"49.4500, -124.2833",BC,"Squitty Bay Provincial Park, BC, Canada"
"49.1167, -117.1167",BC,"Stagleap Provincial Park, BC, Canada"
"51.7000, -128.6000",BC,"Stair Creek Conservancy, BC, Canada"
"49.3333, -124.9000",BC,"Stamp River Provincial Park, BC, Canada"
"49.6828, -123.1458",BC,"Stawamus Chief Provincial Park, BC, Canada"
"50.1833, -120.3000",BC,"Steelhead Provincial Park, BC, Canada"
"49.3833, -120.0500",BC,"Stemwinder Provincial Park, BC, Canada"
"57.4500, -131.8333",BC,"Stikine River Provincial Park, BC, Canada"
"58.6000, -124.6667",BC,"Stone Mountain Provincial Park, BC, Canada"
"50.0333, -121.2667",BC,"Stoyoma Creek Ecological Reserve, BC, Canada"
"49.5833, -125.6167",BC,"Strathcona Provincial Park, BC, Canada"
"49.5667, -125.6167",BC,"Strathcona-Westmin Provincial Park, BC, Canada"
"54.5000, -124.5000",BC,"Stuart Lake and Stuart Lake Marine Provincial Park, BC, Canada"
"54.2167, -124.0000",BC,"Stuart River Provincial Park, BC, Canada"
"53.0167, -128.3667",BC,"Sue Channel Provincial Park, BC, Canada"
"53.8833, -121.9000",BC,"Sugarbowl-Grizzly Den Provincial Park and Protected Area, BC, Canada"
"55.3667, -121.4167",BC,"Sukunka Falls Provincial Park, BC, Canada"
"49.7167, -126.7667",BC,"Sulphur Passage Provincial Park, BC, Canada"
"53.8833, -123.9333",BC,"Summit Lake Provincial Park, BC, Canada"
"50.7833, -119.7833",BC,"Sunbeam Creek Ecological Reserve, BC, Canada"
"49.4333, -119.6167",BC,"Sun-Oka Beach Provincial Park, BC, Canada"
"50.2833, -125.1667",BC,"Surge Narrows Provincial Park, BC, Canada"
"56.0000, -127.6667",BC,"Sustut Provincial Park and Protected Area, BC, Canada"
"54.2500, -125.1667",BC,"Sutherland River Provincial Park and Protected Area, BC, Canada"
"49.3167, -125.3667",BC,"Sutton Pass Ecological Reserve, BC, Canada"
"54.1500, -124.8667",BC,"Swan Creek Protected Area, BC, Canada"
"54.1000, -125.2833",BC,"Swan Lake Provincial Park, BC, Canada"
"49.0167, -119.4333",BC,"Haynes Point, BC, Canada"
"49.0333, -121.3333",BC,"Chilliwack Lake Provincial Park, BC, Canada"
"49.3667, -126.1500",BC,"Sydney Inlet Provincial Park, BC, Canada"
"49.3500, -117.7667",BC,"Syringa Provincial Park, BC, Canada"
"54.2333, -122.3667",BC,"Tacheeda Lakes Ecological Reserve, BC, Canada"
"50.1500, -127.6667",BC,"Tahsish-Kwois Provincial Park, BC, Canada"
"50.1000, -127.6000",BC,"Tahsish River Ecological Reserve, BC, Canada"
"55.2667, -125.3333",BC,"Takla Lake Ecological Reserve, BC, Canada"
"55.5000, -125.0667",BC,"Takla Lake Marine Provincial Park, BC, Canada"
"50.1000, -123.3500",BC,"Tantalus Provincial Park, BC, Canada"
"59.5667, -127.1833",BC,"Tarahne Provincial Park, BC, Canada"
"56.7167, -128.6500",BC,"Tatlatui Provincial Park, BC, Canada"
"59.5000, -137.0000",BC,"Tatshenshini-Alsek Provincial Park, BC, Canada"
"52.0500, -120.0333",BC,"Taweel Provincial Park, BC, Canada"
"49.2833, -125.0833",BC,"Taylor Arm Provincial Park, BC, Canada"
"56.1667, -120.6667",BC,"Taylor Landing Provincial Park, BC, Canada"
"50.1500, -124.8500",BC,"Teakerne Arm Provincial Park, BC, Canada"
"52.9667, -122.5000",BC,"Ten Mile Lake Provincial Park, BC, Canada"
"48.4500, -123.2667",BC,"Ten Mile Point Ecological Reserve, BC, Canada"
"49.5667, -123.6333",BC,"Tetrahedron Provincial Park, BC, Canada"
"59.0667, -126.8833",BC,"Thinahtea Protected Area, BC, Canada"
"52.4667, -127.8833",BC,"Thorsen Creek Conservancy, BC, Canada"
"56.1167, -124.9833",BC,"Three Sisters Lake Provincial Park, BC, Canada"
"53.3667, -129.0167",BC,"Thulme Falls Conservancy, BC, Canada"
"49.1667, -125.9333",BC,"Thunderbirds Nest Protected Area, BC, Canada"
"54.1167, -124.1833",BC,"Thunder Hill Provincial Park, BC, Canada"
"50.3833, -125.2833",BC,"Thurston Bay Marine Provincial Park, BC, Canada"
"52.0667, -122.2833",BC,"Titetown Provincial Park, BC, Canada"
"53.6000, -130.5000",BC,"Tlall Heritage Site/Conservancy, BC, Canada"
"58.9667, -125.0000",BC,"Toad River Hot Springs Provincial Park, BC, Canada"
"57.5667, -129.8333",BC,"Todagin South Slope Provincial Park, BC, Canada"
"49.8833, -115.4667",BC,"Top of the World Provincial Park, BC, Canada"
"54.7833, -126.1333",BC,"Topley Landing Provincial Park, BC, Canada"
"52.8667, -122.6667",BC,"Torkelsen Lake Ecological Reserve, BC, Canada"
"54.0500, -131.7833",BC,"Tow Hill Ecological Reserve, BC, Canada"
"49.2167, -125.6333",BC,"Tranquil Creek Provincial Park, BC, Canada"
"50.6833, -120.3333",BC,"Tranquille Ecological Reserve, BC, Canada"
"54.7000, -125.8833",BC,"Trembleur Lake Provincial Park, BC, Canada"
"49.7500, -119.8167",BC,"Trepanier Provincial Park, BC, Canada"
"48.4000, -123.3000",BC,"Trial Islands Ecological Reserve, BC, Canada"
"49.5167, -124.6000",BC,"Tribune Bay Provincial Park, BC, Canada"
"49.4500, -119.6167",BC,"Trout Creek Ecological Reserve, BC, Canada"
"53.5000, -132.9333",BC,"Troup Passage Conservancy, BC, Canada"
"53.6000, -132.9000",BC,"Smokehouse Conservancy, BC, Canada"
"51.2667, -121.4167",BC,"Tsintsunko Lakes Provincial Park, BC, Canada"
"50.4500, -126.8333",BC,"Tsitika Mountain Ecological Reserve, BC, Canada"
"50.4167, -126.8333",BC,"Tsitika River Ecological Reserve, BC, Canada"
"55.3500, -123.0333",BC,"Tudyah Lake Provincial Park, BC, Canada"
"50.6833, -120.8333",BC,"Tunkwa Provincial Park, BC, Canada"
"58.6333, -131.6000",BC,"Tuya Mountains Provincial Park, BC, Canada"
"53.1667, -126.8333",BC,"Tweedsmuir North Provincial Park and Protected Area, BC, Canada"
"52.5000, -126.3333",BC,"Tweedsmuir South Provincial Park, BC, Canada"
"54.2500, -126.7667",BC,"Tyhee Lake Provincial Park, BC, Canada"
"51.0500, -127.4167",BC,"Cape Caution Conservancy, BC, Canada"
"51.1000, -127.4167",BC,"Cape Caution–Blunden Bay Conservancy, BC, Canada"
"54.0833, -125.5000",BC,"Uncha Mountain Red Hills Provincial Park, BC, Canada"
"52.3667, -128.4500",BC,"Union Passage Marine Provincial Park, BC, Canada"
"51.4500, -119.4667",BC,"Upper Adams River Provincial Park, BC, Canada"
"50.1667, -123.5000",BC,"Upper Elaho Valley Conservancy, BC, Canada"
"57.2000, -131.5833",BC,"Upper Gladys River, BC, Canada"
"52.4667, -126.7500",BC,"Upper Kimsquit River Conservancy, BC, Canada"
"50.6333, -123.4167",BC,"Upper Lillooet Provincial Park, BC, Canada"
"52.5500, -119.0167",BC,"Upper Raush Protected Area, BC, Canada"
"51.5000, -118.8333",BC,"Upper Seymour River Provincial Park, BC, Canada"
"50.6000, -118.7667",BC,"Upper Shuswap River Ecological Reserve, BC, Canada"
"50.3667, -122.8167",BC,"Upper Soo Conservancy, BC, Canada"
"52.7667, -119.9500",BC,"Upper Violet Creek Provincial Park, BC, Canada"
"49.6500, -117.6167",BC,"Valhalla Provincial Park, BC, Canada"
"49.1833, -125.7000",BC,"Vance Creek Ecological Reserve, BC, Canada"
"49.2000, -126.0833",BC,"Vargas Island Provincial Park, BC, Canada"
"49.3167, -119.5333",BC,"Vaseux Lake Provincial Park, BC, Canada"
"49.2833, -119.5167",BC,"Vaseux Protected Area, BC, Canada"
"54.0833, -124.7833",BC,"Victor Lake Provincial Park, BC, Canada"
"55.3333, -127.8333",BC,"Vladimir J. Krajina Ecological Reserve, BC, Canada"
"50.9833, -127.3833",BC,"Wahkash Point Conservancy, BC, Canada"
"50.8333, -127.1500",BC,"Wakeman Estuary Conservancy, BC, Canada"
"49.0000, -123.6833",BC,"Wakes Cove Provincial Park, BC, Canada"
"52.0000, -128.4333",BC,"Wales Harbour Conservancy, BC, Canada"
"50.7667, -121.5667",BC,"Walhachin Oxbows Provincial Park, BC, Canada"
"48.9500, -123.5667",BC,"Wallace Island Marine Provincial Park, BC, Canada"
"50.6167, -120.4667",BC,"Walloper Lake Provincial Park, BC, Canada"
"50.1667, -124.9833",BC,"Walsh Cove Provincial Park, BC, Canada"
"50.7500, -119.0167",BC,"Wap Creek Provincial Park, BC, Canada"
"55.5833, -121.2500",BC,"Wapiti Lake Provincial Park, BC, Canada"
"49.4167, -115.5000",BC,"Wardner Provincial Park, BC, Canada"
"49.7833, -115.7333",BC,"Wasa Lake Provincial Park, BC, Canada"
"50.5500, -126.8333",BC,"Seymour Estuary Conservancy, BC, Canada"
"53.8667, -129.0000",BC,"Weewanie Hot Springs Provincial Park, BC, Canada"
"52.3333, -120.0833",BC,"Wells Gray Provincial Park, BC, Canada"
"53.0667, -120.7500",BC,"Wendle Provincial Park, BC, Canada"
"49.5000, -117.0167",BC,"West Arm Provincial Park, BC, Canada"
"53.8333, -123.0000",BC,"West Lake Provincial Park, BC, Canada"
"48.6833, -123.6167",BC,"West Shawnigan Lake Provincial Park, BC, Canada"
"54.6667, -121.8333",BC,"West Twin Provincial Park and Protected Area, BC, Canada"
"52.5000, -120.8333",BC,"Westwick Lake Ecological Reserve, BC, Canada"
"49.8333, -125.0333",BC,"Weymer Creek Provincial Park, BC, Canada"
"49.5667, -124.7833",BC,"Whaleboat Island Marine Provincial Park, BC, Canada"
"49.2833, -120.5667",BC,"Whipsaw Creek Ecological Reserve, BC, Canada"
"54.1167, -123.1833",BC,"Whiskers Point Provincial Park, BC, Canada"
"50.4167, -119.5833",BC,"White Lake Grasslands Protected Area, BC, Canada"
"50.4167, -119.5833",BC,"White Lake Provincial Park, BC, Canada"
"50.4167, -119.5833",BC,"White Pelican Provincial Park, BC, Canada"
"54.0833, -126.6000",BC,"White Ridge Provincial Park, BC, Canada"
"54.0833, -126.6000",BC,"White River Provincial Park, BC, Canada"
"50.0833, -115.5833",BC,"Whiteswan Lake Provincial Park, BC, Canada"
"51.8500, -121.1667",BC,"Williams Creek Ecological Reserve, BC, Canada"
"52.0833, -127.0333",BC,"Wilkinson-Wright Bay Conservancy, BC, Canada"
"53.7000, -128.6667",BC,"Willison Creek–Nelson Lake, BC, Canada"
"50.4833, -115.9833",BC,"Windermere Lake Provincial Park, BC, Canada"
"52.3667, -128.1500",BC,"Winter Inlet Conservancy, BC, Canada"
"51.6333, -120.0667",BC,"Wire Cache Provincial Park, BC, Canada"
"53.9333, -126.6833",BC,"Wistaria Provincial Park, BC, Canada"
"54.0000, -125.3667",BC,"Wood Mountain Ski Provincial Park, BC, Canada"
"52.6500, -128.4167",BC,"Woodworth Lake Conservancy, BC, Canada"
"49.2167, -124.1167",BC,"Woodley Range Ecological Reserve, BC, Canada"
"50.1500, -126.7667",BC,"Woss Lake Provincial Park, BC, Canada"
"54.0833, -126.6000",BC,"Wrinkly Face Provincial Park, BC, Canada"
"52.3333, -128.4667",BC,"Stafford Estuary Conservancy, BC, Canada"
"52.5833, -131.7833",BC,"Yaaguun Suu Heritage Site/Conservancy, BC, Canada"
"49.0667, -116.0833",BC,"Yahk Provincial Park, BC, Canada"
"49.2667, -123.0667",BC,"Yale Garry Oak Ecological Reserve, BC, Canada"
"50.9333, -122.6667",BC,"Yalakom Provincial Park, BC, Canada"
"50.9667, -118.8333",BC,"Yard Creek Provincial Park, BC, Canada"
"49.3667, -124.0000",BC,"Yellow Point Bog Ecological Reserve, BC, Canada"
"52.5000, -128.4167",BC,"Zumtela Bay Conservancy, BC, Canada"